iter	Logloss
0	0.6743350206
1	0.6553230517
2	0.6381452537
3	0.6234897778
4	0.6123744544
